"","newID","DonorSpp","Transplant","Treatment","Rep","Transect","Transplant.date","Harvested","Abv","Area","Blw.all","Repro","Germ","Surv","Height"
"1",1,"POSE","ARTR","Feedback",1,1,"10-Oct-17","16-Jul-18",0.0255,0.939336203423348,NA,0,0,1,2.9
"2",2,"POSE","ARTR","Exclusion",1,1,"10-Oct-17","16-Jul-18",0.0305,1.3548118318606,NA,0,1,1,3.6
"3",3,"POSE","ARTR","Control",1,1,"10-Oct-17","16-Jul-18",0.0161,3.15588690016363,NA,0,6,1,3.8
"4",4,"POSE","HECO","Feedback",1,1,"10-Oct-17","16-Jul-18",0.0529,0.026782077371853,0.0501134963768116,0,1,1,19.3
"5",5,"POSE","HECO","Exclusion",1,1,"15-Oct-17","16-Jul-18",0.0919,0.0779114978090269,0.103567892512077,0,0,1,17.7
"6",6,"POSE","HECO","Control",1,1,"15-Oct-17","16-Jul-18",0.0234,0.00125663706143592,0.0334089975845411,0,0,1,11.7
"7",7,"POSE","PSSP","Feedback",1,1,"10-Oct-17","16-Jul-18",0.049,0.0785398163397448,0.11938,0,3,1,15.1
"8",8,"POSE","PSSP","Exclusion",1,1,"10-Oct-17","16-Jul-18",0.1533,0.102101761241668,0.10224,0,0,1,28.5
"9",9,"POSE","PSSP","Control",1,1,"10-Oct-17","16-Jul-18",0.0299,0.0015707963267949,0.0246784191089361,0,5,1,17.1
"10",10,"HECO","POSE","Feedback",1,1,"13-Oct-17","16-Jul-18",0.0849,0.33253758238248,0.0983928571428571,0,2,0,3.9
"11",11,"HECO","POSE","Exclusion",1,1,"13-Oct-17","16-Jul-18",0.3524,0.677327376113959,0.400059872611465,0,0,0,6.3
"12",12,"HECO","POSE","Control",1,1,"13-Oct-17","16-Jul-18",0.0381,0.0622035345410779,0.0165470600253551,0,4,0,4.1
"13",13,"POSE","POSE","Feedback",1,1,"13-Oct-17","16-Jul-18",0.0677,0.204203522483337,0.112979166666667,0,1,1,5.4
"14",14,"POSE","POSE","Exclusion",1,1,"13-Oct-17","16-Jul-18",0.1697,0.494643763307713,0.200490277777778,0,0,1,6.6
"15",15,"POSE","POSE","Control",1,1,"13-Oct-17","16-Jul-18",0.0306,0.528101725068444,0.0386098067258286,0,7,0,2.9
"16",16,"HECO","ARTR","Feedback",1,1,"10-Oct-17","16-Jul-18",0.0342,0.59415371061017,0.0120049382716049,0,2,1,4.3
"17",17,"HECO","ARTR","Exclusion",1,1,"10-Oct-17","16-Jul-18",0.0562,1.66535826566795,NA,0,0,1,3.8
"18",18,"HECO","ARTR","Control",1,1,"10-Oct-17","16-Jul-18",0.0187,0.762543076842582,NA,0,3,1,2.4
"19",19,"PSSP","ARTR","Feedback",1,1,"13-Oct-17","16-Jul-18",0.0649,2.37190245346029,0.0180074074074074,0,2,1,4.7
"20",20,"PSSP","ARTR","Exclusion",1,1,"13-Oct-17","16-Jul-18",0.1644,3.89439679320625,0.0540222222222222,0,6,1,7.2
"21",21,"PSSP","ARTR","Control",1,1,"13-Oct-17","",NA,NA,NA,0,4,1,NA
"22",22,"HECO","HECO","Feedback",1,1,"10-Oct-17","16-Jul-18",0.0797,0.0589048622548086,0.0668179951690821,0,1,1,6.8
"23",23,"HECO","HECO","Exclusion",1,1,"10-Oct-17","16-Jul-18",0.1979,0.20616701789183,0.120272391304348,0,0,1,6.9
"24",24,"HECO","HECO","Control",1,1,"10-Oct-17","16-Jul-18",0.0141,0.0153152641862502,NA,0,0,1,5.7
"25",25,"HECO","PSSP","Feedback",1,1,"10-Oct-17","16-Jul-18",0.1066,0.192972328746753,0.273133333333333,0,0,1,25.4
"26",26,"HECO","PSSP","Exclusion",1,1,"10-Oct-17","16-Jul-18",0.4355,0.281800861027004,0.234273214285714,0,0,1,30.3
"27",27,"HECO","PSSP","Control",1,1,"10-Oct-17","16-Jul-18",0.0281,0.0280387144332889,0.00548409313531914,0,4,1,15.3
"28",28,"BARE","ARTR","Feedback",1,1,"10-Oct-17","16-Jul-18",0.04,1.92501089848715,0.0420172839506173,0,1,1,3.5
"29",29,"BARE","ARTR","Exclusion",1,1,"10-Oct-17","16-Jul-18",0.3025,14.7950164428158,0.090037037037037,0,3,1,6.7
"30",30,"BARE","ARTR","Control",1,1,"10-Oct-17","16-Jul-18",0.0185,1.27234502470387,0.00600246913580247,0,2,1,2.9
"31",31,"BARE","HECO","Feedback",1,1,"10-Oct-17","16-Jul-18",0.0382,0.0172787595947439,NA,0,0,1,11.7
"32",32,"BARE","HECO","Exclusion",1,1,"10-Oct-17","16-Jul-18",0.2694,0.280544223965568,0.0928,0,0,1,15.1
"33",33,"BARE","HECO","Control",1,1,"10-Oct-17","16-Jul-18",0.0383,0.195878301951324,0.0100226992753623,0,0,1,7.3
"34",34,"BARE","PSSP","Feedback",1,1,"10-Oct-17","16-Jul-18",0.0737,0.00659734457253857,0.038388651947234,0,0,1,22.5
"35",35,"BARE","PSSP","Exclusion",1,1,"10-Oct-17","16-Jul-18",0.2299,0.00219911485751286,0.126372222222222,0,0,1,22.8
"36",36,"BARE","PSSP","Control",1,1,"10-Oct-17","16-Jul-18",0.0251,0.00989601685880785,NA,0,0,1,7.4
"37",37,"BARE","POSE","Feedback",1,1,"13-Oct-17","16-Jul-18",0.0522,0.151189146454009,0.0275784333755919,0,1,0,5.3
"38",38,"BARE","POSE","Exclusion",1,1,"13-Oct-17","16-Jul-18",0.3848,1.22050874591963,0.277289534883721,0,1,0,5.1
"39",39,"BARE","POSE","Control",1,1,"13-Oct-17","16-Jul-18",0.0749,0.444378280850276,0.00919281112519729,0,1,0,5.1
"40",40,"ARTR","ARTR","Feedback",1,1,"10-Oct-17","16-Jul-18",0.0144,4.67971641678736,NA,0,5,1,5.4
"41",41,"ARTR","ARTR","Exclusion",1,1,"10-Oct-17","9-Jul-18",0.0831,1.64493791341962,0.0120049382716049,0,11,0,6.1
"42",42,"ARTR","ARTR","Control",1,1,"10-Oct-17","16-Jul-18",0.0123,0.426942441622853,NA,0,3,1,3.7
"43",43,"ARTR","HECO","Feedback",1,1,"10-Oct-17","16-Jul-18",0.0731,0.183076311887945,0.0567952958937198,0,0,1,28.1
"44",44,"ARTR","HECO","Exclusion",1,1,"10-Oct-17","16-Jul-18",0.1479,0.263422544003504,0.13853125,0,0,1,24.2
"45",45,"ARTR","HECO","Control",1,1,"10-Oct-17","16-Jul-18",0.0135,0.0117809724509617,NA,0,0,1,6.8
"46",46,"ARTR","PSSP","Feedback",1,1,"10-Oct-17","16-Jul-18",0.1435,0.0637743308678728,0.0685511641914892,1,2,1,37.7
"47",47,"ARTR","PSSP","Exclusion",1,1,"10-Oct-17","16-Jul-18",0.2209,0.155822995618054,0.200381481481481,0,2,1,30.8
"48",48,"ARTR","PSSP","Control",1,1,"10-Oct-17","16-Jul-18",0.0754,0.0015707963267949,0.0164522794059574,0,1,1,22.5
"49",49,"ARTR","POSE","Feedback",1,1,"13-Oct-17","16-Jul-18",0.1024,0.231535378569568,0.0569954289762232,0,0,1,1.3
"50",50,"ARTR","POSE","Exclusion",1,1,"13-Oct-17","16-Jul-18",0.3032,0.737017636532165,0.304812307692308,0,0,1,6.3
"51",51,"ARTR","POSE","Control",1,1,"13-Oct-17","16-Jul-18",0.1069,0.232792015631004,0.023901308925513,0,0,1,3.8
"52",52,"PSSP","HECO","Feedback",1,1,"10-Oct-17","16-Jul-18",0.0818,0.0869435766880975,NA,0,1,1,9.9
"53",53,"PSSP","HECO","Exclusion",1,1,"15-Oct-17","16-Jul-18",0.2435,0.251327412287183,0.2312275,0,0,1,16.5
"54",54,"PSSP","HECO","Control",1,1,"10-Oct-17","16-Jul-18",0.0206,0.00777544181763474,NA,0,0,1,7.3
"55",55,"PSSP","PSSP","Feedback",1,1,"10-Oct-17","16-Jul-18",0.198,0.0496371639267187,0.2151,1,1,1,23
"56",56,"PSSP","PSSP","Exclusion",1,1,"15-Oct-17","16-Jul-18",0.4264,0.274889357189107,0.436647252747253,0,0,1,2.4
"57",57,"PSSP","PSSP","Control",1,1,"10-Oct-17","16-Jul-18",0.0553,0.0636172512351933,0.0164522794059574,0,1,1,13.9
"58",58,"PSSP","POSE","Feedback",1,1,"13-Oct-17","16-Jul-18",0.057,0.177185825662464,0.2104625,0,4,0,8.9
"59",59,"PSSP","POSE","Exclusion",1,1,"13-Oct-17","16-Jul-18",0.2488,0.408564124599353,0.274126829268293,0,3,0,7.8
"60",60,"PSSP","POSE","Control",1,1,"13-Oct-17","16-Jul-18",0.0296,0.0155508836352695,0.00367712445007892,0,3,0,5.9
"61",61,"POSE","ARTR","Feedback",2,1,"10-Oct-17","16-Jul-18",0.0127,0.946561866526605,NA,0,2,1,2.1
"62",62,"POSE","ARTR","Exclusion",2,1,"10-Oct-17","",NA,NA,NA,0,2,1,NA
"63",63,"POSE","ARTR","Control",2,1,"10-Oct-17","",NA,NA,NA,0,1,1,NA
"64",64,"POSE","HECO","Feedback",2,1,"10-Oct-17","16-Jul-18",0.0321,0.0469668101711674,0.0400907971014493,0,0,1,12.8
"65",65,"POSE","HECO","Exclusion",2,1,"10-Oct-17","16-Jul-18",0.1576,0.118752202305694,0.145626923076923,0,0,1,16.9
"66",66,"POSE","HECO","Control",2,1,"10-Oct-17","17-Jul-18",0.0304,0.00879645943005142,0.0100226992753623,0,0,1,8.7
"67",67,"HECO","ARTR","Feedback",2,1,"10-Oct-17","",NA,NA,NA,0,5,1,NA
"68",68,"HECO","ARTR","Exclusion",2,1,"10-Oct-17","",NA,NA,NA,0,1,1,NA
"69",69,"HECO","ARTR","Control",2,1,"10-Oct-17","17-Jul-18",0.0116,0.805818515645782,0.00600246913580247,0,3,1,2.1
"70",70,"HECO","HECO","Feedback",2,1,"10-Oct-17","16-Jul-18",0.0853,0.0467311907221482,0.0734997946859903,0,1,1,15.7
"71",71,"HECO","HECO","Exclusion",2,1,"18-Oct-17","16-Jul-18",0.1879,0.0584336233567701,0.139916666666667,0,0,1,23.5
"72",72,"HECO","HECO","Control",2,1,"10-Oct-17","17-Jul-18",0.015,0.00314159265358979,0.00668179951690821,0,0,1,6.5
"73",73,"HECO","PSSP","Feedback",2,1,"18-Oct-17","16-Jul-18",0.0589,0.0523075176822701,0.038388651947234,0,1,1,8.7
"74",74,"HECO","PSSP","Exclusion",2,1,"10-Oct-17","16-Jul-18",0.2352,0.197606177910798,0.0932295833004254,0,0,1,22.8
"75",75,"HECO","PSSP","Control",2,1,"10-Oct-17","9-Jul-18",0.0133,0.00314159265358979,NA,0,1,0,4.1
"76",76,"HECO","POSE","Feedback",2,1,"15-Oct-17","16-Jul-18",0.0908,0.162970118904971,0.164333333333333,0,1,1,5.1
"77",77,"HECO","POSE","Exclusion",2,1,"15-Oct-17","16-Jul-18",0.1469,0.513336239596572,0.145913636363636,0,0,1,6.5
"78",78,"HECO","POSE","Control",2,1,"13-Oct-17","17-Jul-18",0.0377,0.0361283155162826,0.0367712445007892,0,1,0,3.5
"79",79,"BARE","ARTR","Feedback",2,1,"10-Oct-17","16-Jul-18",0.0103,1.97920337176157,NA,0,2,1,2.5
"80",80,"BARE","ARTR","Exclusion",2,1,"10-Oct-17","16-Jul-18",0.0298,1.02070345315132,NA,0,2,1,1.1
"81",81,"BARE","ARTR","Control",2,1,"10-Oct-17","",NA,NA,NA,0,0,1,NA
"82",82,"BARE","HECO","Feedback",2,1,"10-Oct-17","16-Jul-18",0.0812,0.0999026463841554,0.100226992753623,0,1,1,17.6
"83",83,"BARE","HECO","Exclusion",2,1,"10-Oct-17","",NA,NA,NA,0,0,1,NA
"84",84,"BARE","HECO","Control",2,1,"10-Oct-17","17-Jul-18",0.0165,0.0433539786195391,NA,0,0,1,5.9
"85",85,"BARE","PSSP","Feedback",2,1,"10-Oct-17","16-Jul-18",0.1725,0.164148216150067,0.1462125,1,0,1,13.7
"86",86,"BARE","PSSP","Exclusion",2,1,"10-Oct-17","16-Jul-18",0.1561,0.0975464518939631,0.1353,0,0,1,12.1
"87",87,"BARE","PSSP","Control",2,1,"10-Oct-17","17-Jul-18",0.0104,0.044924774946334,0.0137102328382978,0,0,1,11.2
"88",88,"BARE","POSE","Feedback",2,1,"13-Oct-17","16-Jul-18",0.0228,0.110426981773681,NA,0,2,0,6.2
"89",89,"BARE","POSE","Exclusion",2,1,"13-Oct-17","16-Jul-18",0.1646,0.832522053201295,0.195287234042553,1,0,0,4.9
"90",90,"BARE","POSE","Control",2,1,"13-Oct-17","17-Jul-18",0.0607,0.235855068468254,0.0459640556259865,0,0,0,4.4
"91",91,"ARTR","ARTR","Feedback",2,1,"10-Oct-17","16-Jul-18",0.0132,1.20872777346867,NA,0,4,1,2.7
"92",92,"ARTR","ARTR","Exclusion",2,1,"10-Oct-17","16-Jul-18",0.0234,1.75489365629526,NA,0,2,1,3.3
"93",93,"ARTR","ARTR","Control",2,1,"10-Oct-17","17-Jul-18",0.0219,1.52744234817536,0.00600246913580247,0,1,1,2.7
"94",94,"ARTR","HECO","Feedback",2,1,"10-Oct-17","16-Jul-18",0.0234,0.00164933614313464,0.00668179951690821,0,0,1,14
"95",95,"ARTR","HECO","Exclusion",2,1,"10-Oct-17","16-Jul-18",0.134,0.00471238898038469,0.154322222222222,0,1,1,25.2
"96",96,"ARTR","HECO","Control",2,1,"10-Oct-17","17-Jul-18",0.0217,0.00549778714378214,0.0100226992753623,0,0,1,9.8
"97",97,"ARTR","PSSP","Feedback",2,1,"10-Oct-17","16-Jul-18",0.1032,0.00439822971502571,0.142586421518298,0,2,1,26.6
"98",98,"ARTR","PSSP","Exclusion",2,1,"10-Oct-17","16-Jul-18",0.1998,0.0216769893097696,0.18821,0,0,1,35.6
"99",99,"ARTR","PSSP","Control",2,1,"10-Oct-17","17-Jul-18",0.0211,0.00235619449019234,0.00548409313531914,0,4,1,34.9
"100",100,"ARTR","POSE","Feedback",2,1,"13-Oct-17","16-Jul-18",0.0735,0.181426975744811,0.088250986801894,0,1,1,6.9
"101",101,"ARTR","POSE","Exclusion",2,1,"13-Oct-17","16-Jul-18",0.1389,0.461342881179661,0.2491,0,1,1,7.8
"102",102,"ARTR","POSE","Control",2,1,"13-Oct-17","17-Jul-18",0.0774,0.238603962040145,0.0496411800760654,0,1,0,6.5
"103",103,"POSE","PSSP","Feedback",2,1,"10-Oct-17","16-Jul-18",0.1285,0.355471208753685,0.0959716298680849,0,0,1,16.5
"104",104,"POSE","PSSP","Exclusion",2,1,"10-Oct-17","16-Jul-18",0.0626,0.0863937979737193,0.0246784191089361,0,1,1,16.2
"105",105,"POSE","PSSP","Control",2,1,"10-Oct-17","17-Jul-18",0.0453,0.0596902604182061,0.0274204656765957,0,0,1,14.3
"106",106,"PSSP","ARTR","Feedback",2,1,"10-Oct-17","",NA,NA,NA,0,3,1,NA
"107",107,"PSSP","ARTR","Exclusion",2,1,"15-Oct-17","16-Jul-18",0.3597,29.1941922112792,0.0780320987654321,0,0,1,9
"108",108,"PSSP","ARTR","Control",2,1,"10-Oct-17","17-Jul-18",0.0147,1.21179082630592,0.0780320987654321,0,2,1,1.3
"109",109,"PSSP","HECO","Feedback",2,1,"10-Oct-17","9-Jul-18",0.003,0.000942477796076938,NA,0,0,0,2.9
"110",110,"PSSP","HECO","Exclusion",2,1,"10-Oct-17","16-Jul-18",0.1962,0.16312719853765,0.14094,0,1,1,23.4
"111",111,"PSSP","HECO","Control",2,1,"10-Oct-17","17-Jul-18",0.0287,0.0181426975744811,0.030068097826087,0,1,1,9
"112",112,"PSSP","PSSP","Feedback",2,1,"10-Oct-17","16-Jul-18",0.1443,0.155822995618054,0.215871428571429,0,1,1,27.1
"113",113,"PSSP","PSSP","Exclusion",2,1,"15-Oct-17","16-Jul-18",0.2372,0.0345575191894877,0.23226976744186,0,1,1,24.2
"114",114,"PSSP","PSSP","Control",2,1,"10-Oct-17","17-Jul-18",0.0677,0.00188495559215388,0.0301625122442553,0,0,1,19.4
"115",115,"PSSP","POSE","Feedback",2,1,"13-Oct-17","16-Jul-18",0.055,0.294053072376005,0.0653714285714286,0,1,1,7.4
"116",116,"PSSP","POSE","Exclusion",2,1,"13-Oct-17","16-Jul-18",0.2732,1.10238486214466,0.266990163934426,0,0,0,8.1
"117",117,"PSSP","POSE","Control",2,1,"13-Oct-17","17-Jul-18",0.0875,0.104143796466502,0.0625111156513416,0,2,1,5.4
"118",118,"POSE","POSE","Feedback",2,1,"13-Oct-17","16-Jul-18",0.0644,0.256511040165607,0.12562962962963,0,1,0,5
"119",119,"POSE","POSE","Exclusion",2,1,"13-Oct-17","16-Jul-18",0.1411,0.348716784548467,0.191024390243902,0,2,1,6.1
"120",120,"POSE","POSE","Control",2,1,"13-Oct-17","17-Jul-18",0.0926,0.259652632819196,0.0294169956006313,0,1,0,7.4
"121",121,"HECO","POSE","Feedback",3,1,"13-Oct-17","16-Jul-18",0.0924,0.180327418316054,0.179086363636364,1,2,1,5.1
"122",122,"HECO","POSE","Exclusion",3,1,"13-Oct-17","16-Jul-18",0.1969,0.543181369805675,0.253977173913043,1,2,1,7.8
"123",123,"HECO","POSE","Control",3,1,"13-Oct-17","16-Jul-18",0.0575,0.148440252882118,0.0165470600253551,0,1,1,4.5
"124",124,"HECO","ARTR","Feedback",3,1,"10-Oct-17","16-Jul-18",0.0604,4.16575185866007,0.0240098765432099,0,1,1,3.1
"125",125,"HECO","ARTR","Exclusion",3,1,"10-Oct-17","16-Jul-18",0.2488,11.3507313370526,0.102041975308642,0,3,1,5.7
"126",126,"HECO","ARTR","Control",3,1,"10-Oct-17","16-Jul-18",0.0135,0.453331819913007,NA,0,0,1,1.3
"127",127,"HECO","HECO","Feedback",3,1,"10-Oct-17","16-Jul-18",0.0738,0.00518362787842316,0.0534543961352657,0,0,1,17.1
"128",128,"HECO","HECO","Exclusion",3,1,"10-Oct-17","16-Jul-18",0.2157,0.145298660228528,0.170445,0,0,1,17.2
"129",129,"HECO","HECO","Control",3,1,"10-Oct-17","16-Jul-18",0.0547,0.0316515459849172,0.00668179951690821,0,1,1,13.4
"130",130,"HECO","PSSP","Feedback",3,1,"10-Oct-17","16-Jul-18",0.0823,0.00691150383789755,0.120411764705882,0,0,1,22.1
"131",131,"HECO","PSSP","Exclusion",3,1,"10-Oct-17","16-Jul-18",0.0466,0.00376991118430775,0.0274204656765957,0,0,1,16.5
"132",132,"HECO","PSSP","Control",3,1,"10-Oct-17","16-Jul-18",0.0308,0.0015707963267949,0.00548409313531914,0,0,1,15.6
"133",133,"PSSP","PSSP","Feedback",3,1,"10-Oct-17","16-Jul-18",0.0164,0.000314159265358979,0.0329045588119148,0,1,1,15.4
"134",134,"PSSP","PSSP","Exclusion",3,1,"10-Oct-17","16-Jul-18",0.3387,0.080346232115559,0.183070588235294,0,1,1,31.3
"135",135,"PSSP","PSSP","Control",3,1,"10-Oct-17","16-Jul-18",0.0363,0.000549778714378214,0.00548409313531914,0,0,1,21.8
"136",136,"PSSP","POSE","Feedback",3,1,"13-Oct-17","16-Jul-18",0.0437,0.447205714238507,0.178448,1,1,1,5.9
"137",137,"PSSP","POSE","Exclusion",3,1,"13-Oct-17","16-Jul-18",0.1379,0.357984482876557,0.570149367088608,0,1,1,9.4
"138",138,"PSSP","POSE","Control",3,1,"13-Oct-17","16-Jul-18",0.0202,0.0431968989868597,NA,0,0,1,2.4
"139",139,"POSE","HECO","Feedback",3,1,"10-Oct-17","16-Jul-18",0.0489,0.0263893782901543,0.063477095410628,0,0,1,15.9
"140",140,"POSE","HECO","Exclusion",3,1,"10-Oct-17","16-Jul-18",0.1265,0.142942465738336,0.0167044987922705,0,1,1,20.9
"141",141,"POSE","HECO","Control",3,1,"10-Oct-17","16-Jul-18",0.0209,0.0122522113490002,NA,0,0,1,7.6
"142",142,"POSE","PSSP","Feedback",3,1,"10-Oct-17","16-Jul-18",0.1198,0.110191362324662,0.0987136764357445,0,0,1,15
"143",143,"POSE","PSSP","Exclusion",3,1,"10-Oct-17","16-Jul-18",0.2609,0.0439822971502571,0.23678904109589,0,1,1,27.2
"144",144,"POSE","PSSP","Control",3,1,"10-Oct-17","16-Jul-18",0.0418,0.000628318530717959,0.0466147916502127,0,1,1,18.9
"145",145,"POSE","ARTR","Feedback",3,1,"10-Oct-17","16-Jul-18",0.0264,0.983946819104323,NA,0,3,1,3.2
"146",146,"POSE","ARTR","Exclusion",3,1,"10-Oct-17","16-Jul-18",0.0283,0.76340701482232,0.0180074074074074,0,4,0,3.5
"147",147,"POSE","ARTR","Control",3,1,"10-Oct-17","",NA,NA,NA,0,1,1,NA
"148",148,"BARE","ARTR","Feedback",3,1,"10-Oct-17","16-Jul-18",0.0062,0.413512133028757,NA,0,6,1,1.5
"149",149,"BARE","ARTR","Exclusion",3,1,"10-Oct-17","16-Jul-18",0.1169,1.83783170235003,0.0300123456790123,0,2,1,6.1
"150",150,"BARE","ARTR","Control",3,1,"10-Oct-17","16-Jul-18",0.0058,0.284392674966216,NA,0,2,1,1.1
"151",151,"BARE","HECO","Feedback",3,1,"10-Oct-17","16-Jul-18",0.0422,0.169803082926528,0.0400907971014493,0,0,1,11.5
"152",152,"BARE","HECO","Exclusion",3,1,"10-Oct-17","16-Jul-18",0.2485,0.61261056745001,0.1872,0,1,1,17.8
"153",153,"BARE","HECO","Control",3,1,"10-Oct-17","16-Jul-18",0.0287,0.113097335529233,0.0167044987922705,0,0,1,12.2
"154",154,"BARE","PSSP","Feedback",3,1,"10-Oct-17","16-Jul-18",0.0398,0.19697785938008,0.0466147916502127,0,2,1,24.2
"155",155,"BARE","PSSP","Exclusion",3,1,"10-Oct-17","16-Jul-18",0.1622,0.102101761241668,0.120650048977021,0,0,1,21.6
"156",156,"BARE","PSSP","Control",3,1,"10-Oct-17","16-Jul-18",0.0791,0.180955736846772,0.0109681862706383,0,2,1,18.7
"157",157,"BARE","POSE","Feedback",3,1,"26-Oct-17","16-Jul-18",0.0606,0.357356164345839,0.108218518518519,0,2,1,6.1
"158",158,"BARE","POSE","Exclusion",3,1,"13-Oct-17","16-Jul-18",0.1565,0.74502869779882,0.112642105263158,0,0,1,4.2
"159",159,"BARE","POSE","Control",3,1,"26-Oct-17","16-Jul-18",0.0753,0.401731160577795,0.00919281112519729,0,0,0,4.4
"160",160,"ARTR","ARTR","Feedback",3,1,"10-Oct-17","16-Jul-18",0.029,4.44928059564654,NA,0,1,1,4.2
"161",161,"ARTR","ARTR","Exclusion",3,1,"10-Oct-17","",NA,NA,NA,0,1,1,NA
"162",162,"ARTR","ARTR","Control",3,1,"10-Oct-17","16-Jul-18",0.0048,0.195642682502304,NA,0,5,1,1.2
"163",163,"ARTR","HECO","Feedback",3,1,"10-Oct-17","16-Jul-18",0.0018,0.00329867228626928,NA,0,0,1,5.4
"164",164,"ARTR","HECO","Exclusion",3,1,"10-Oct-17","16-Jul-18",0.191,0.041233403578366,0.07,0,0,1,29.8
"165",165,"ARTR","HECO","Control",3,1,"10-Oct-17","16-Jul-18",0.0151,0.0196349540849362,0.0133635990338164,0,0,1,11.6
"166",166,"ARTR","PSSP","Feedback",3,1,"18-Oct-17","16-Jul-18",0.087,0.0518362787842316,0.195615,0,1,1,28.4
"167",167,"ARTR","PSSP","Exclusion",3,1,"10-Oct-17","16-Jul-18",0.29,0.29845130209103,0.251727272727273,0,0,1,25.1
"168",168,"ARTR","PSSP","Control",3,1,"18-Oct-17","16-Jul-18",0.0277,0.00471238898038469,0.0740352573268084,0,0,1,26.1
"169",169,"ARTR","POSE","Feedback",3,1,"13-Oct-17","16-Jul-18",0.0529,0.491345091021444,0.1536,0,0,1,5.4
"170",170,"ARTR","POSE","Exclusion",3,1,"26-Oct-17","16-Jul-18",0.1013,0.420580716499334,0.156285714285714,0,0,1,7.4
"171",171,"ARTR","POSE","Control",3,1,"26-Oct-17","16-Jul-18",0.0161,0.118752202305694,0.020224184475434,0,0,0,3.1
"172",172,"PSSP","ARTR","Control",3,1,"10-Oct-17","",NA,NA,NA,0,0,1,NA
"173",173,"PSSP","ARTR","",3,1,"10-Oct-17","",NA,NA,NA,0,0,1,NA
"174",174,"PSSP","ARTR","",3,1,"10-Oct-17","16-Jul-18",0.0236,4.38723414073815,0.0120049382716049,0,2,1,3.3
"175",175,"PSSP","HECO","Feedback",3,1,"10-Oct-17","16-Jul-18",0.1169,0.20608847807549,0.118933333333333,0,0,1,16.9
"176",176,"PSSP","HECO","Exclusion",3,1,"10-Oct-17","16-Jul-18",0.1742,0.596274285651343,0.26792,0,0,1,16.9
"177",177,"PSSP","HECO","Control",3,1,"10-Oct-17","16-Jul-18",0.0188,0.0510508806208341,0.0367498973429952,0,1,1,6.3
"178",178,"POSE","POSE","Feedback",3,1,"13-Oct-17","16-Jul-18",0.0701,0.09848892969004,0.150659574468085,0,0,1,8.5
"179",179,"POSE","POSE","Exclusion",3,1,"13-Oct-17","16-Jul-18",0.0196,0.131475652552733,0.0808967379017362,0,2,0,7.5
"180",180,"POSE","POSE","Control",3,1,"13-Oct-17","16-Jul-18",0.0338,0.243473430653209,0.0147084978003157,0,4,0,2.4
"181",181,"PSSP","PSSP","Feedback",4,2,"10-Oct-17","17-Jul-18",0.0552,0.00863937979737193,0.038388651947234,0,3,1,21.5
"182",182,"PSSP","PSSP","Exclusion",4,2,"10-Oct-17","17-Jul-18",0.24,0.4124125756,0.0919125,0,3,1,29.2
"183",183,"PSSP","PSSP","Control",4,2,"10-Oct-17","17-Jul-18",0.0515,0.0387201294554942,NA,0,3,1,15.8
"184",184,"PSSP","POSE","Feedback",4,2,"13-Oct-17","17-Jul-18",0.073,0.524253274067797,0.0849333333333333,0,1,0,6.8
"185",185,"PSSP","POSE","Exclusion",4,2,"13-Oct-17","17-Jul-18",0.1997,0.679526490971472,0.358571428571429,0,3,0,8.2
"186",186,"PSSP","POSE","Control",4,2,"13-Oct-17","17-Jul-18",0.0702,0.131946891450771,0.0275784333755919,0,0,0,7.8
"187",187,"HECO","POSE","Control",4,2,"13-Oct-17","17-Jul-18",0.0218,0.107442468752771,0.0128699355752762,0,2,1,4.1
"188",188,"HECO","POSE","Exclusion",4,2,"26-Oct-17","17-Jul-18",0.2689,0.797336215481089,0.427502255639098,0,3,1,10.5
"189",189,"HECO","POSE","Feedback",4,2,"13-Oct-17","17-Jul-18",0.0515,0.30473448739821,0.302375,0,2,0,10.2
"190",190,"HECO","ARTR","Feedback",4,2,"10-Oct-17","17-Jul-18",0.0539,1.56828305267202,0.00600246913580247,0,5,1,3.6
"191",191,"HECO","ARTR","Exclusion",4,2,"10-Oct-17","17-Jul-18",0.0493,0.903207887907065,0.0180074074074074,0,5,1,3
"192",192,"HECO","ARTR","Control",4,2,"10-Oct-17","17-Jul-18",0.0083,0.615123841572881,0.0300123456790123,0,2,1,2.2
"193",193,"HECO","HECO","Feedback",4,2,"10-Oct-17","17-Jul-18",0.0488,0.223995556200952,0.00334089975845411,0,1,1,11.2
"194",194,"HECO","HECO","Exclusion",4,2,"10-Oct-17","17-Jul-18",0.0808,0.112154857733156,0.146999589371981,0,0,1,15.1
"195",195,"HECO","HECO","Control",4,2,"10-Oct-17","17-Jul-18",0.0152,0.0163362817986669,NA,0,0,1,6.1
"196",196,"ARTR","ARTR","Feedback",4,2,"10-Oct-17","17-Jul-18",0.0084,1.21501095877585,0.00600246913580247,0,4,1,2.2
"197",197,"ARTR","ARTR","Exclusion",4,2,"10-Oct-17","17-Jul-18",0.0947,4.08729058213666,0.0840345679012346,0,4,1,5.3
"198",198,"ARTR","ARTR","Control",4,2,"10-Oct-17","",NA,0.8248251512,NA,0,2,1,2
"199",199,"ARTR","HECO","Feedback",4,2,"10-Oct-17","17-Jul-18",0.0569,0.0388772090881737,NA,0,0,1,19.4
"200",200,"ARTR","HECO","Exclusion",4,2,"10-Oct-17","17-Jul-18",0.1801,0.384530940799391,0.0734997946859903,0,0,1,21.1
"201",201,"ARTR","HECO","Control",4,2,"10-Oct-17","17-Jul-18",0.0212,0.000942477796076938,NA,0,1,1,11.4
"202",202,"ARTR","PSSP","Feedback",4,2,"10-Oct-17","17-Jul-18",0.1376,0.0556061899685393,0.038388651947234,1,1,1,15.4
"203",203,"ARTR","PSSP","Exclusion",4,2,"10-Oct-17","17-Jul-18",0.2591,0.0596117206018663,0.14304,0,1,1,34.6
"204",204,"ARTR","PSSP","Control",4,2,"10-Oct-17","17-Jul-18",0.0125,0.00777544181763474,0.00548409313531914,0,1,1,24.1
"205",205,"ARTR","POSE","Feedback",4,2,"13-Oct-17","17-Jul-18",0.067,0.27394687939303,0.0459640556259865,0,5,1,8.3
"206",206,"ARTR","POSE","Exclusion",4,2,"13-Oct-17","17-Jul-18",0.1572,0.378876074022929,0.2280125,0,2,1,14.6
"207",207,"ARTR","POSE","Control",4,2,"13-Oct-17","17-Jul-18",0.024,0.0614966761940202,0.00735424890015783,0,2,1,5.5
"208",208,"HECO","PSSP","Feedback",4,2,"10-Oct-17","17-Jul-18",0.0989,0.0373849525777185,0.0548409313531914,0,3,1,22.8
"209",209,"HECO","PSSP","Exclusion",4,2,"10-Oct-17","17-Jul-18",0.2306,0.450818545790135,0.234921052631579,0,3,1,2.8
"210",210,"HECO","PSSP","Control",4,2,"10-Oct-17","17-Jul-18",0.0222,0.0141371669411541,0.00274204656765957,0,1,1,16.6
"211",211,"POSE","ARTR","Feedback",4,2,"10-Oct-17","17-Jul-18",0.034,2.08067681447252,0.00600246913580247,0,1,1,2.8
"212",212,"POSE","ARTR","Exclusion",4,2,"10-Oct-17","17-Jul-18",0.0543,1.81945338532653,NA,0,3,1,3.8
"213",213,"POSE","ARTR","Control",4,2,"10-Oct-17","17-Jul-18",0.0035,0.347460147487031,NA,0,5,1,1.1
"214",214,"POSE","HECO","Feedback",4,2,"10-Oct-17","17-Jul-18",0.0509,0.0547422519888021,0.0133635990338164,0,0,1,10.5
"215",215,"POSE","HECO","Exclusion",4,2,"10-Oct-17","17-Jul-18",0.0521,0.185746665643497,NA,0,0,1,8
"216",216,"POSE","HECO","Control",4,2,"10-Oct-17","17-Jul-18",0.0314,0.0706858347057703,0.0100226992753623,0,0,1,8.2
"217",217,"BARE","ARTR","Feedback",4,2,"10-Oct-17","17-Jul-18",0.0272,2.24938033997029,0.0240098765432099,0,4,1,2.7
"218",218,"BARE","ARTR","Exclusion",4,2,"10-Oct-17","17-Jul-18",0.1687,5.6129265145362,0.1155,0,1,1,6.6
"219",219,"BARE","ARTR","Control",4,2,"10-Oct-17","17-Jul-18",0.0149,1.58776092712428,0.0420172839506173,0,0,1,2
"220",220,"BARE","HECO","Feedback",4,2,"10-Oct-17","17-Jul-18",0.0518,0.0794822941358218,0.0534543961352657,0,0,1,9.4
"221",221,"BARE","HECO","Exclusion",4,2,"10-Oct-17","17-Jul-18",0.2692,0.573968977810855,0.0334089975845411,0,0,1,10.6
"222",222,"BARE","HECO","Control",4,2,"10-Oct-17","17-Jul-18",0.0117,0.00353429173528852,NA,0,0,0,3.8
"223",223,"BARE","PSSP","Feedback",4,2,"10-Oct-17","17-Jul-18",0.0644,0.0849015414632642,0.0548409313531914,0,2,1,16.2
"224",224,"BARE","PSSP","Exclusion",4,2,"10-Oct-17","17-Jul-18",0.2135,0.375813021185679,0.103709090909091,0,0,1,15.3
"225",225,"BARE","PSSP","Control",4,2,"10-Oct-17","17-Jul-18",0.0496,0.0160221225333079,NA,0,0,1,14.7
"226",226,"BARE","POSE","Feedback",4,2,"13-Oct-17","17-Jul-18",0.0433,0.306697982806704,0.0367712445007892,0,0,1,6.1
"227",227,"BARE","POSE","Exclusion",4,2,"13-Oct-17","17-Jul-18",0.1614,0.825217850281699,0.023901308925513,0,2,1,4.9
"228",228,"BARE","POSE","Control",4,2,"13-Oct-17","17-Jul-18",0.0364,0.134146006308284,0.00551568667511837,0,0,0,4
"229",229,"POSE","PSSP","Feedback",4,2,"10-Oct-17","17-Jul-18",0.13,0.0431968989868597,0.18755,0,2,1,17.4
"230",230,"POSE","PSSP","Exclusion",4,2,"10-Oct-17","17-Jul-18",0.4575,0.211115026321234,0.179991891891892,0,1,1,22.4
"231",231,"POSE","PSSP","Control",4,2,"10-Oct-17","17-Jul-18",0.0378,0.344004395568082,NA,0,1,1,12.3
"232",232,"POSE","POSE","Feedback",4,2,"13-Oct-17","17-Jul-18",0.0203,0.258081836492402,0.0537625,0,4,1,7.8
"233",233,"POSE","POSE","Exclusion",4,2,"13-Oct-17","17-Jul-18",0.1459,0.785084004132089,0.167369696969697,0,4,1,6.4
"234",234,"POSE","POSE","Control",4,2,"13-Oct-17","17-Jul-18",0.0174,0.101159283445591,0.0165470600253551,0,3,0,2.8
"235",235,"PSSP","ARTR","Feedback",4,2,"12-Oct-17","17-Jul-18",0.0339,2.70161260245454,NA,0,3,1,3.1
"236",236,"PSSP","ARTR","Exclusion",4,2,"12-Oct-17","17-Jul-18",0.128,3.41938798398347,0.0300123456790123,0,4,1,3.9
"237",237,"PSSP","ARTR","Control",4,2,"12-Oct-17","17-Jul-18",0.0241,1.26244900784506,NA,0,1,1,1.5
"238",238,"PSSP","HECO","Feedback",4,2,"10-Oct-17","17-Jul-18",0.0468,0.0353429173528852,0.0233862983091787,0,1,1,16.2
"239",239,"PSSP","HECO","Exclusion",4,2,"10-Oct-17","17-Jul-18",0.2434,0.151110606637669,0.2235,0,2,1,17.3
"240",240,"PSSP","HECO","Control",4,2,"10-Oct-17","17-Jul-18",0.0148,0.0234834050855837,0.00334089975845411,0,0,1,6.4
"241",241,"HECO","ARTR","Feedback",5,2,"13-Oct-17","17-Jul-18",0.0386,4.38252175175776,0.0120049382716049,0,2,1,4
"242",242,"HECO","ARTR","Exclusion",5,2,"13-Oct-17","17-Jul-18",0.0666,3.71571871103333,0.0120049382716049,0,0,1,4.5
"243",243,"HECO","ARTR","Control",5,2,"13-Oct-17","",NA,NA,NA,0,1,1,NA
"244",244,"HECO","HECO","Feedback",5,2,"10-Oct-17","17-Jul-18",0.0617,0.0775973385436679,0.0367498973429952,0,0,1,19
"245",245,"HECO","HECO","Exclusion",5,2,"10-Oct-17","17-Jul-18",0.1699,0.0622035345410779,0.11359059178744,0,0,1,22.1
"246",246,"HECO","HECO","Control",5,2,"10-Oct-17","17-Jul-18",0.0262,0.0478307481509046,0.0167044987922705,0,1,1,7.9
"247",247,"HECO","PSSP","Feedback",5,2,"10-Oct-17","17-Jul-18",0.114,0.20938715036176,0.220984615384615,0,1,1,16.4
"248",248,"HECO","PSSP","Exclusion",5,2,"10-Oct-17","17-Jul-18",0.2817,0.136188041533118,0.17756,0,3,1,20
"249",249,"HECO","PSSP","Control",5,2,"10-Oct-17","17-Jul-18",0.1095,0.21252874301535,0.0109681862706383,0,1,1,16.2
"250",250,"PSSP","PSSP","Feedback",5,2,"10-Oct-17","17-Jul-18",0.0494,0.0172787595947439,0.107445454545455,0,3,1,18.2
"251",251,"PSSP","PSSP","Exclusion",5,2,"10-Oct-17","17-Jul-18",0.2705,0.387986692718339,0.1686,0,0,1,21.4
"252",252,"PSSP","PSSP","Control",5,2,"15-Oct-17","17-Jul-18",0.0143,0.00848230016469244,NA,0,1,1,3.8
"253",253,"PSSP","POSE","Feedback",5,2,"13-Oct-17","17-Jul-18",0.2307,0.777387102130794,0.1179,0,1,1,6.4
"254",254,"PSSP","POSE","Exclusion",5,2,"13-Oct-17","17-Jul-18",0.3295,0.85247116655159,0.21951875,0,0,1,7.4
"255",255,"PSSP","POSE","Control",5,2,"13-Oct-17","17-Jul-18",0.1005,0.203418124319939,0.020224184475434,1,1,1,5.6
"256",256,"POSE","ARTR","Feedback",5,2,"12-Oct-17","17-Jul-18",0.0251,2.24938033997029,NA,0,3,1,3
"257",257,"POSE","ARTR","Exclusion",5,2,"12-Oct-17","",NA,NA,NA,0,2,1,NA
"258",258,"POSE","ARTR","Control",5,2,"12-Oct-17","17-Jul-18",0.0052,0.306305283725005,NA,0,3,1,1.7
"259",259,"PSSP","ARTR","Feedback",5,2,"12-Oct-17","17-Jul-18",0.0346,3.1408072554264,NA,0,7,1,3.5
"260",260,"PSSP","ARTR","Exclusion",5,2,"12-Oct-17","17-Jul-18",0.0325,0.149225651045515,NA,0,6,1,3.8
"261",261,"PSSP","ARTR","Control",5,2,"12-Oct-17","17-Jul-18",0.0175,0.940828459933803,NA,0,0,1,2.6
"262",262,"PSSP","HECO","Feedback",5,2,"10-Oct-17","17-Jul-18",0.0742,0.0567057473972958,0.0768406944444444,0,1,1,14.9
"263",263,"PSSP","HECO","Exclusion",5,2,"10-Oct-17","17-Jul-18",0.0308,0.0296880505764235,0.0267271980676329,0,0,1,15.5
"264",264,"PSSP","HECO","Control",5,2,"10-Oct-17","17-Jul-18",0.0098,0.0223838476568273,0.0267271980676329,0,0,1,10.1
"265",265,"POSE","HECO","Feedback",5,2,"10-Oct-17","17-Jul-18",0.0981,0.0238761041672824,0.0467725966183575,0,0,1,15
"266",266,"POSE","HECO","Exclusion",5,2,"10-Oct-17","17-Jul-18",0.1015,0.0871791961371168,0.0734997946859903,0,0,1,16.7
"267",267,"POSE","HECO","Control",5,2,"10-Oct-17","17-Jul-18",0.0181,0.0438252175175776,0.0200453985507246,0,0,1,8
"268",268,"POSE","PSSP","Feedback",5,2,"10-Oct-17","17-Jul-18",0.0574,0.0671515429704818,0.1302,0,3,1,16.8
"269",269,"POSE","PSSP","Exclusion",5,2,"10-Oct-17","17-Jul-18",0.0942,0.0720995513998858,0.057582977920851,0,0,1,22.1
"270",270,"POSE","PSSP","Control",5,2,"10-Oct-17","17-Jul-18",0.0365,0.0075398223686155,0.0137102328382978,0,0,1,17
"271",271,"HECO","POSE","Feedback",5,2,"18-Oct-17","17-Jul-18",0.0837,0.604442426550676,0.208,1,1,0,5.2
"272",272,"HECO","POSE","Exclusion",5,2,"18-Oct-17","17-Jul-18",0.1529,1.52210164066425,0.231460465116279,0,0,1,7.7
"273",273,"HECO","POSE","Control",5,2,"26-Oct-17","17-Jul-18",0.0302,0.0998241065678157,0.00367712445007892,0,1,1,8.4
"274",274,"POSE","POSE","Feedback",5,2,"13-Oct-17","17-Jul-18",0.1127,0.284392674966216,0.150952631578947,0,4,0,6.1
"275",275,"POSE","POSE","Exclusion",5,2,"13-Oct-17","17-Jul-18",0.2291,0.20923007072908,0.172835526315789,0,0,1,10.2
"276",276,"POSE","POSE","Control",5,2,"13-Oct-17","17-Jul-18",0.0314,0.0923628240155399,0.0349326822757497,0,0,1,3.6
"277",277,"BARE","ARTR","Feedback",5,2,"13-Oct-17","17-Jul-18",0.0447,1.6733693269346,NA,0,4,1,3
"278",278,"BARE","ARTR","Exclusion",5,2,"13-Oct-17","17-Jul-18",0.0618,2.11492017439665,0.0480197530864198,0,2,1,3.4
"279",279,"BARE","ARTR","Control",5,2,"13-Oct-17","",NA,NA,NA,0,0,1,NA
"280",280,"BARE","HECO","Feedback",5,2,"10-Oct-17","17-Jul-18",0.0673,0.0293738913110646,0.063477095410628,0,0,1,11.4
"281",281,"BARE","HECO","Exclusion",5,2,"10-Oct-17","",NA,NA,NA,0,0,1,NA
"282",282,"BARE","HECO","Control",5,2,"10-Oct-17","17-Jul-18",0.0199,0.0471238898038469,NA,0,0,1,7.4
"283",283,"BARE","PSSP","Feedback",5,2,"10-Oct-17","17-Jul-18",0.099,0.0183783170235003,0.0274204656765957,0,1,1,15.3
"284",284,"BARE","PSSP","Exclusion",5,2,"18-Oct-17","17-Jul-18",0.2487,0.5046968597992,0.140766666666667,0,0,1,13.8
"285",285,"BARE","PSSP","Control",5,2,"10-Oct-17","17-Jul-18",0.0288,0.00565486677646163,0.0246784191089361,0,1,1,13.4
"286",286,"BARE","POSE","Feedback",5,2,"13-Oct-17","17-Jul-18",0.1333,0.573576278729157,0.145465517241379,0,0,1,5.3
"287",287,"BARE","POSE","Exclusion",5,2,"26-Oct-17","17-Jul-18",0.2797,1.46178306171533,0.240365384615385,0,0,1,6.5
"288",288,"BARE","POSE","Control",5,2,"26-Oct-17","17-Jul-18",0.0333,0.0552134908868406,0.0294169956006313,0,2,1,4.3
"289",289,"ARTR","ARTR","Feedback",5,2,"13-Oct-17","17-Jul-18",0.0733,3.64581827449096,NA,0,6,1,4.4
"290",290,"ARTR","ARTR","Exclusion",5,2,"13-Oct-17","17-Jul-18",0.0283,2.49049757613331,NA,0,2,1,2.7
"291",291,"ARTR","ARTR","Control",5,2,"13-Oct-17","",NA,NA,NA,0,0,1,NA
"292",292,"ARTR","HECO","Feedback",5,2,"10-Oct-17","17-Jul-18",0.068,0.0212057504117311,0.0434316968599034,0,2,1,12.5
"293",293,"ARTR","HECO","Exclusion",5,2,"15-Oct-17","17-Jul-18",0.0426,0.00848230016469244,0.0467725966183575,0,0,1,17.5
"294",294,"ARTR","HECO","Control",5,2,"10-Oct-17","",NA,NA,NA,0,3,1,NA
"295",295,"ARTR","PSSP","Feedback",5,2,"10-Oct-17","17-Jul-18",0.0905,0.00816814089933346,0.109681862706383,0,0,1,29.8
"296",296,"ARTR","PSSP","Exclusion",5,2,"10-Oct-17","17-Jul-18",0.4508,0.155037597454656,0.308651470588235,0,0,1,31.1
"297",297,"ARTR","PSSP","Control",5,2,"10-Oct-17","17-Jul-18",0.0735,0.0779114978090269,0.0548409313531914,0,2,1,28.1
"298",298,"ARTR","POSE","Feedback",5,2,"26-Oct-17","17-Jul-18",0.0827,0.183783170235003,0.0864124245768545,0,4,0,17.8
"299",299,"ARTR","POSE","Exclusion",5,2,"26-Oct-17","17-Jul-18",0.248,0.364032048734717,0.162220408163265,0,1,1,12.8
"300",300,"ARTR","POSE","Control",5,2,"26-Oct-17","17-Jul-18",0.0478,0.189202417562445,0.0584470588235294,0,0,1,6.6
"301",301,"POSE","PSSP","Feedback",6,2,"15-Oct-17","17-Jul-18",0.1685,0.094797558322072,0.155333333333333,0,2,1,23.2
"302",302,"POSE","PSSP","Exclusion",6,2,"15-Oct-17","17-Jul-18",0.4391,0.289969001926338,0.361024096385542,0,0,1,23.9
"303",303,"POSE","PSSP","Control",6,2,"15-Oct-17","17-Jul-18",0.0325,0.00769690200129499,0.0274204656765957,0,0,1,16.7
"304",304,"POSE","POSE","Feedback",6,2,"18-Oct-17","17-Jul-18",0.1168,0.199805292768311,0.168788059701492,0,0,0,4.9
"305",305,"POSE","POSE","Exclusion",6,2,"18-Oct-17","17-Jul-18",0.3256,0.61261056745001,0.22386265060241,0,1,1,7.5
"306",306,"POSE","POSE","Control",6,2,"13-Oct-17","17-Jul-18",0.0449,0.174358392274234,0.0294169956006313,0,1,1,3.5
"307",307,"HECO","PSSP","Feedback",6,2,"14-Oct-17","17-Jul-18",0.1556,0.168860605130451,0.159822222222222,0,0,1,20.5
"308",308,"HECO","PSSP","Exclusion",6,2,"14-Oct-17","17-Jul-18",0.3421,0.407935806068635,0.261833333333333,0,3,1,19.2
"309",309,"HECO","PSSP","Control",6,2,"14-Oct-17","17-Jul-18",0.0727,0.0593761011528471,0.0109681862706383,0,0,1,17.4
"310",310,"HECO","POSE","Feedback",6,2,"13-Oct-17","17-Jul-18",0.1861,0.500298630084175,0.16827,0,0,0,4.6
"311",311,"HECO","POSE","Exclusion",6,2,"13-Oct-17","17-Jul-18",0.3469,0.732148167919101,0.242846153846154,0,0,1,5.7
"312",312,"HECO","POSE","Control",6,2,"13-Oct-17","17-Jul-18",0.0465,0.125113927429214,0.0183856222503946,0,1,1,4.8
"313",313,"PSSP","ARTR","Feedback",6,2,"14-Oct-17","17-Jul-18",0.0722,4.29212242315071,NA,0,2,1,3.6
"314",314,"PSSP","ARTR","Exclusion",6,2,"14-Oct-17","17-Jul-18",0.4714,8.78687757245797,0.117288888888889,0,5,1,10.3
"315",315,"PSSP","ARTR","Control",6,2,"14-Oct-17","17-Jul-18",0.0286,2.08523212382023,NA,0,3,1,3.7
"316",316,"PSSP","HECO","Feedback",6,2,"14-Oct-17","17-Jul-18",0.1051,0.237268785162369,0.0567952958937198,0,0,1,13.5
"317",317,"PSSP","HECO","Exclusion",6,2,"14-Oct-17","17-Jul-18",0.1987,0.342512139057627,0.0868633937198068,0,0,1,17.8
"318",318,"PSSP","HECO","Control",6,2,"14-Oct-17","17-Jul-18",0.0495,0.23090706003885,0.0334089975845411,0,0,1,10.4
"319",319,"PSSP","PSSP","Feedback",6,2,"15-Oct-17","17-Jul-18",0.0953,0.124878307980194,0.0493568382178722,0,4,1,16.3
"320",320,"PSSP","PSSP","Exclusion",6,2,"15-Oct-17","17-Jul-18",0.4664,0.302692452173377,0.346425,0,1,1,23.5
"321",321,"PSSP","PSSP","Control",6,2,"15-Oct-17","17-Jul-18",0.0446,0.00424115008234622,0.0301625122442553,0,1,1,24.6
"322",322,"PSSP","POSE","Feedback",6,2,"13-Oct-17","17-Jul-18",0.174,0.447284254054847,0.234612345679012,0,4,1,6.6
"323",323,"PSSP","POSE","Exclusion",6,2,"26-Oct-17","17-Jul-18",0.2407,0.222660379323177,0.222467605633803,0,3,0,11.6
"324",324,"PSSP","POSE","Control",6,2,"26-Oct-17","17-Jul-18",0.0469,0.199648213135631,0.0183856222503946,0,2,0,5.3
"325",325,"HECO","ARTR","Feedback",6,2,"14-Oct-17","",NA,NA,NA,0,2,1,NA
"326",326,"HECO","ARTR","Exclusion",6,2,"14-Oct-17","",NA,NA,NA,0,0,1,NA
"327",327,"HECO","ARTR","Control",6,2,"14-Oct-17","",NA,NA,NA,0,1,1,NA
"328",328,"ARTR","ARTR","Feedback",6,2,"14-Oct-17","",NA,NA,NA,0,0,1,NA
"329",329,"ARTR","ARTR","Exclusion",6,2,"14-Oct-17","17-Jul-18",0.1936,12.7572223680648,0.0300123456790123,0,2,1,6.9
"330",330,"ARTR","ARTR","Control",6,2,"14-Oct-17","",NA,NA,NA,0,0,1,NA
"331",331,"ARTR","HECO","Feedback",6,2,"14-Oct-17","9-Jul-18",0.0026,0.0015707963267949,0.00334089975845411,0,0,0,3.1
"332",332,"ARTR","HECO","Exclusion",6,2,"14-Oct-17","9-Jul-18",0.0087,0.0268606171881927,0.0133635990338164,0,1,0,1.5
"333",333,"ARTR","HECO","Control",6,2,"15-Oct-17","17-Jul-18",0.0123,0.00565486677646163,0.0100226992753623,0,1,1,13
"334",334,"ARTR","PSSP","Feedback",6,2,"15-Oct-17","17-Jul-18",0.2415,0.122679193122681,0.212328571428571,0,0,1,35.5
"335",335,"ARTR","PSSP","Exclusion",6,2,"15-Oct-17","17-Jul-18",0.3108,0.0590619418874881,0.172977777777778,0,1,1,35.7
"336",336,"ARTR","PSSP","Control",6,2,"15-Oct-17","17-Jul-18",0.0366,0.0131946891450771,0.00822613970297871,0,3,1,23.7
"337",337,"ARTR","POSE","Feedback",6,2,"18-Oct-17","17-Jul-18",0.2026,0.555119421889317,0.146502127659574,0,2,1,12.9
"338",338,"ARTR","POSE","Exclusion",6,2,"18-Oct-17","17-Jul-18",0.2375,0.887892623720815,0.0816666666666667,0,2,0,14.2
"339",339,"ARTR","POSE","Control",6,2,"26-Oct-17","17-Jul-18",0.0448,0.057255526111674,0.0367712445007892,0,7,1,11.1
"340",340,"HECO","HECO","Feedback",6,2,"14-Oct-17","17-Jul-18",NA,0.0360497756999429,0.0200453985507246,0,0,0,NA
"341",341,"HECO","HECO","Exclusion",6,2,"14-Oct-17","17-Jul-18",0.2251,0.167682507885355,0.11359059178744,0,0,1,21.7
"342",342,"HECO","HECO","Control",6,2,"14-Oct-17","17-Jul-18",0.0348,0.0774402589109884,NA,0,0,1,8.8
"343",343,"BARE","ARTR","Feedback",6,2,"14-Oct-17","",NA,NA,NA,0,0,1,NA
"344",344,"BARE","ARTR","Exclusion",6,2,"14-Oct-17","",NA,NA,NA,0,0,1,NA
"345",345,"BARE","ARTR","Control",6,2,"14-Oct-17","",NA,NA,NA,0,0,1,NA
"346",346,"BARE","HECO","Feedback",6,2,"15-Oct-17","",NA,NA,NA,0,0,1,NA
"347",347,"BARE","HECO","Exclusion",6,2,"15-Oct-17","17-Jul-18",0.1132,0.12016591899981,0.00668179951690821,0,0,1,15.1
"348",348,"BARE","HECO","Control",6,2,"14-Oct-17","",NA,NA,NA,0,0,1,NA
"349",349,"BARE","PSSP","Feedback",6,2,"15-Oct-17","17-Jul-18",0.1253,0.297037585396915,0.0356466053795744,0,1,1,14.2
"350",350,"BARE","PSSP","Exclusion",6,2,"15-Oct-17","17-Jul-18",0.4772,0.523624955537079,NA,0,1,1,27.7
"351",351,"BARE","PSSP","Control",6,2,"18-Oct-17","17-Jul-18",0.0053,0.00989601685880785,0.00274204656765957,0,0,1,5.5
"352",352,"BARE","POSE","Feedback",6,2,"26-Oct-17","17-Jul-18",0.1203,0.418774300723519,0.14145,0,1,0,6.7
"353",353,"BARE","POSE","Exclusion",6,2,"26-Oct-17","17-Jul-18",0.2833,0.724922504815845,0.30848855721393,0,1,1,6.2
"354",354,"BARE","POSE","Control",6,2,"13-Oct-17","17-Jul-18",0.039,0.242452413040792,0.0110313733502367,0,0,1,2.1
"355",355,"POSE","ARTR","Feedback",6,2,"14-Oct-17","17-Jul-18",0.0493,1.13175875345572,0.0120049382716049,0,3,1,3.8
"356",356,"POSE","ARTR","Exclusion",6,2,"14-Oct-17","17-Jul-18",0.1169,2.56518894147241,0.0960395061728395,0,2,1,5.8
"357",357,"POSE","ARTR","Control",6,2,"14-Oct-17","17-Jul-18",0.0093,0.730891530857665,NA,0,0,1,1.8
"358",358,"POSE","HECO","Feedback",6,2,"14-Oct-17","17-Jul-18",0.0613,0.309211256929575,0.0167044987922705,0,0,1,15.8
"359",359,"POSE","HECO","Exclusion",6,2,"14-Oct-17","17-Jul-18",0.156,0.180327418316054,0.1533,0,0,1,19.2
"360",360,"POSE","HECO","Control",6,2,"14-Oct-17","17-Jul-18",0.0228,0.0282743338823081,0.0233862983091787,0,0,1,10.5
"361",361,"ARTR","ARTR","Feedback",7,2,"14-Oct-17","17-Jul-18",0.0235,1.6626879119124,NA,0,0,1,3.1
"362",362,"ARTR","ARTR","Exclusion",7,2,"14-Oct-17","",NA,NA,NA,0,1,1,NA
"363",363,"ARTR","ARTR","Control",7,2,"14-Oct-17","",NA,NA,NA,0,2,1,NA
"364",364,"ARTR","HECO","Feedback",7,2,"18-Oct-17","17-Jul-18",0.0779,0.0507367213554752,0.0501134963768116,0,1,1,16.6
"365",365,"ARTR","HECO","Exclusion",7,2,"18-Oct-17","17-Jul-18",0.1425,0.0801106126665397,0.18709038647343,0,1,1,18.6
"366",366,"ARTR","HECO","Control",7,2,"18-Oct-17","17-Jul-18",0.0176,0.0109955742875643,NA,0,3,1,9.9
"367",367,"ARTR","PSSP","Feedback",7,2,"18-Oct-17","17-Jul-18",0.1151,0.0267035375555132,0.153177777777778,0,1,1,35.8
"368",368,"ARTR","PSSP","Exclusion",7,2,"18-Oct-17","17-Jul-18",0.2393,0.0351858377202057,0.132868421052632,0,1,1,22.5
"369",369,"ARTR","PSSP","Control",7,2,"18-Oct-17","17-Jul-18",0.058,0.00251327412287183,0.0219363725412766,0,3,1,29.4
"370",370,"ARTR","POSE","Feedback",7,2,"26-Oct-17","17-Jul-18",0.101,0.211115026321234,0.1311,0,2,0,8.5
"371",371,"ARTR","POSE","Exclusion",7,2,"26-Oct-17","17-Jul-18",0.1965,1.12445455053613,0.165427027027027,0,2,0,9.8
"372",372,"ARTR","POSE","Control",7,2,"26-Oct-17","17-Jul-18",0.0293,0.158964588271644,0.0147084978003157,0,0,0,4.9
"373",373,"HECO","ARTR","Feedback",7,2,"14-Oct-17","17-Jul-18",0.0801,1.80720117397753,0.0480197530864198,0,1,1,4.5
"374",374,"HECO","ARTR","Exclusion",7,2,"14-Oct-17","",NA,NA,NA,0,1,1,NA
"375",375,"HECO","ARTR","Control",7,2,"14-Oct-17","17-Jul-18",0.0218,1.68389366232413,NA,0,2,1,2.1
"376",376,"POSE","ARTR","Feedback",7,2,"14-Oct-17","17-Jul-18",0.0223,0.76953312049682,0.00600246913580247,0,3,1,2.5
"377",377,"POSE","ARTR","Exclusion",7,2,"14-Oct-17","",NA,NA,NA,0,2,1,NA
"378",378,"POSE","ARTR","Control",7,2,"14-Oct-17","17-Jul-18",0.0059,0.0329867228626928,NA,0,1,1,2.4
"379",379,"POSE","HECO","Control",7,2,"14-Oct-17","17-Jul-18",0.019,0.0197920337176157,0.0100226992753623,0,0,1,9.5
"380",380,"POSE","HECO","Exclusion",7,2,"18-Oct-17","17-Jul-18",0.0865,0.236247767549952,0.0233862983091787,0,0,1,10
"381",381,"POSE","HECO","Feedback",7,2,"14-Oct-17","17-Jul-18",0.0227,0.0318871654339364,NA,0,0,1,7.4
"382",382,"POSE","POSE","Feedback",7,2,"13-Oct-17","17-Jul-18",0.084,0.343061917772005,0.0625111156513416,0,3,1,3.6
"383",383,"POSE","POSE","Exclusion",7,2,"13-Oct-17","17-Jul-18",0.2494,0.539411458621368,0.14353,0,0,0,8.5
"384",384,"POSE","POSE","Control",7,2,"13-Oct-17","17-Jul-18",0.0445,0.0849015414632642,0.0349326822757497,0,0,0,2.8
"385",385,"POSE","PSSP","Feedback",7,2,"15-Oct-17","17-Jul-18",0.1554,0.122679193122681,0.195726086956522,0,0,1,23.8
"386",386,"POSE","PSSP","Exclusion",7,2,"15-Oct-17","17-Jul-18",0.3085,0.188495559215388,0.16555,0,1,1,24.5
"387",387,"POSE","PSSP","Control",7,2,"15-Oct-17","17-Jul-18",0.0615,0.00942477796076938,0.0411306985148935,0,0,1,14.9
"388",388,"BARE","ARTR","Feedback",7,2,"14-Oct-17","17-Jul-18",0.0249,1.43759279828269,NA,0,1,1,3.1
"389",389,"BARE","ARTR","Exclusion",7,2,"14-Oct-17","17-Jul-18",0.1199,6.13395965613407,0.0540222222222222,0,1,1,5.9
"390",390,"BARE","ARTR","Control",7,2,"14-Oct-17","",NA,NA,NA,0,1,1,NA
"391",391,"BARE","HECO","Feedback",7,2,"14-Oct-17","17-Jul-18",0.1329,0.341255501996191,0.0835224939613527,0,0,1,14
"392",392,"BARE","HECO","Exclusion",7,2,"14-Oct-17","",NA,NA,NA,0,0,1,NA
"393",393,"BARE","HECO","Control",7,2,"14-Oct-17","17-Jul-18",0.0324,0.0537212343763855,0.0233862983091787,0,0,1,0.65
"394",394,"BARE","PSSP","Feedback",7,2,"15-Oct-17","17-Jul-18",0.1201,0.0120951317163207,0.0603250244885105,0,0,1,23.5
"395",395,"BARE","PSSP","Exclusion",7,2,"15-Oct-17","17-Jul-18",0.2744,0.251170332654504,0.191808,0,0,1,20.7
"396",396,"BARE","PSSP","Control",7,2,"15-Oct-17","17-Jul-18",0.0522,0.00879645943005142,0.0109681862706383,0,0,1,13.4
"397",397,"BARE","POSE","Feedback",7,2,"13-Oct-17","17-Jul-18",0.0836,0.317457937645249,0.0753810512266178,0,2,0,4.5
"398",398,"BARE","POSE","Exclusion",7,2,"13-Oct-17","17-Jul-18",0.3175,0.848230016469244,0.162,0,1,0,5.7
"399",399,"BARE","POSE","Control",7,2,"13-Oct-17","17-Jul-18",0.0802,0.562423624808913,0.00367712445007892,1,0,0,3.3
"400",400,"HECO","HECO","Feedback",7,2,"15-Oct-17","17-Jul-18",0.0847,0.320442450666159,0.0467725966183575,0,2,1,13.2
"401",401,"HECO","HECO","Exclusion",7,2,"15-Oct-17","17-Jul-18",0.2615,0.229022104446696,0.103567892512077,0,0,1,23.1
"402",402,"HECO","HECO","Control",7,2,"15-Oct-17","17-Jul-18",0.0062,0.00251327412287183,NA,0,2,0,3.2
"403",403,"HECO","PSSP","Feedback",7,2,"14-Oct-17","17-Jul-18",0.85,0.00636172512351933,0.0466147916502127,0,1,1,24.1
"404",404,"HECO","PSSP","Exclusion",7,2,"14-Oct-17","17-Jul-18",0.3128,0.197920337176157,0.0355272727272727,0,1,1,22.8
"405",405,"HECO","PSSP","Control",7,2,"14-Oct-17","17-Jul-18",0.0557,0.11686724671354,NA,1,0,1,11.4
"406",406,"HECO","POSE","Feedback",7,2,"13-Oct-17","17-Jul-18",0.1103,0.19697785938008,0.1734,0,0,0,7.8
"407",407,"HECO","POSE","Exclusion",7,2,"13-Oct-17","17-Jul-18",0.2222,0.567607252687336,0.155336585365854,0,3,1,7.6
"408",408,"HECO","POSE","Control",7,2,"13-Oct-17","17-Jul-18",0.0381,0.146869456555323,0.023901308925513,1,1,0,5.5
"409",409,"PSSP","ARTR","Feedback",7,2,"14-Oct-17","17-Jul-18",0.1223,7.17602593932981,0.0840345679012346,0,2,1,5.8
"410",410,"PSSP","ARTR","Exclusion",7,2,"14-Oct-17","17-Jul-18",0.176,4.3156058282363,0.0720296296296296,0,1,1,6.1
"411",411,"PSSP","ARTR","Control",7,2,"14-Oct-17","17-Jul-18",0.0161,3.33220878784635,0.0240098765432099,0,2,1,3.4
"412",412,"PSSP","HECO","Feedback",7,2,"14-Oct-17","17-Jul-18",0.1317,0.139486713819387,0.0734997946859903,0,1,1,17
"413",413,"PSSP","HECO","Exclusion",7,2,"14-Oct-17","17-Jul-18",0.17,0.354371651324929,0.063477095410628,0,0,1,15.6
"414",414,"PSSP","HECO","Control",7,2,"14-Oct-17","17-Jul-18",0.0235,0.138230076757951,NA,0,0,1,8.5
"415",415,"PSSP","PSSP","Feedback",7,2,"15-Oct-17","17-Jul-18",0.0854,0.0915774258521425,0.0329045588119148,0,0,1,11.7
"416",416,"PSSP","PSSP","Exclusion",7,2,"15-Oct-17","17-Jul-18",0.4115,0.112154857733156,0.143164285714286,0,0,1,27.5
"417",417,"PSSP","PSSP","Control",7,2,"15-Oct-17","17-Jul-18",0.0233,0.0226194671058465,0.00246784191089361,0,0,1,12.3
"418",418,"PSSP","POSE","Feedback",7,2,"13-Oct-17","17-Jul-18",0.1723,0.483491109387469,0.167923076923077,0,1,1,7
"419",419,"PSSP","POSE","Exclusion",7,2,"13-Oct-17","17-Jul-18",0.2166,0.762700156475262,0.136975757575758,0,5,1,6.8
"420",420,"PSSP","POSE","Control",7,2,"13-Oct-17","17-Jul-18",0.0522,0.142942465738336,0.020224184475434,0,1,0,4.1
"421",421,"BARE","ARTR","Feedback",8,3,"14-Oct-17","17-Jul-18",0.0515,3.10389354174672,0.0180074074074074,0,2,1,4.8
"422",422,"BARE","ARTR","Exclusion",8,3,"14-Oct-17","",NA,2.74229622731853,NA,0,3,1,4.7
"423",423,"BARE","ARTR","Control",8,3,"14-Oct-17","",NA,0.128176980266464,NA,0,3,1,9.8
"424",424,"BARE","HECO","Feedback",8,3,"14-Oct-17","17-Jul-18",0.1173,0.142863925921996,0.093545193236715,0,0,1,16
"425",425,"BARE","HECO","Exclusion",8,3,"14-Oct-17","17-Jul-18",0.087,0.352172536467416,0.0835224939613527,0,1,1,14.6
"426",426,"BARE","HECO","Control",8,3,"14-Oct-17","17-Jul-18",0.0428,0.083409284952809,NA,0,0,1,8.6
"427",427,"BARE","PSSP","Feedback",8,3,"15-Oct-17","17-Jul-18",0.1073,0.0518362787842316,0.178569444444444,0,1,1,20.1
"428",428,"BARE","PSSP","Exclusion",8,3,"15-Oct-17","17-Jul-18",0.2364,0.653608351579356,0.296022222222222,0,0,1,18.9
"429",429,"BARE","PSSP","Control",8,3,"15-Oct-17","17-Jul-18",0.585,0.0251327412287183,0.019194325973617,0,0,1,17.9
"430",430,"BARE","POSE","Feedback",8,3,"13-Oct-17","17-Jul-18",0.2406,0.288398205599543,0.234779310344828,0,1,0,5.4
"431",431,"BARE","POSE","Exclusion",8,3,"13-Oct-17","17-Jul-18",0.764,0.790267632010512,0.06802680232646,0,0,1,8.3
"432",432,"BARE","POSE","Control",8,3,"13-Oct-17","17-Jul-18",0.0343,0.0746128255227576,0.00919281112519729,0,0,1,3.8
"433",433,"POSE","PSSP","Feedback",8,3,"15-Oct-17","18-Jul-18",0.086,0.0117809724509617,0.0712932107591488,0,1,1,21.9
"434",434,"POSE","PSSP","Exclusion",8,3,"15-Oct-17","18-Jul-18",0.2758,0.269470109861664,0.254323076923077,0,0,1,21.8
"435",435,"POSE","PSSP","Control",8,3,"15-Oct-17","18-Jul-18",0.026,0.00628318530717959,0.00274204656765957,0,1,1,9.9
"436",436,"POSE","POSE","Feedback",8,3,"13-Oct-17","18-Jul-18",0.1009,0.417046424764045,0.128921666666667,0,1,1,6.2
"437",437,"POSE","POSE","Exclusion",8,3,"13-Oct-17","18-Jul-18",0.2289,0.662561890642087,0.400043258426966,0,0,1,8.43
"438",438,"POSE","POSE","Control",8,3,"13-Oct-17","18-Jul-18",0.034,0.148126093616759,0.0128699355752762,0,0,1,6
"439",439,"HECO","ARTR","Feedback",8,3,"14-Oct-17","18-Jul-18",0.0535,1.00727314455723,0.0540222222222222,0,3,1,4.9
"440",440,"HECO","ARTR","Exclusion",8,3,"14-Oct-17","18-Jul-18",NA,NA,NA,0,0,1,NA
"441",441,"HECO","ARTR","Control",8,3,"14-Oct-17","18-Jul-18",0.0135,0.491345091021444,NA,0,0,1,2.1
"442",442,"HECO","HECO","Feedback",8,3,"14-Oct-17","18-Jul-18",0.1124,0.219361707036907,0.1334,0,0,1,16.3
"443",443,"HECO","HECO","Exclusion",8,3,"10-Nov-17","18-Jul-18",NA,NA,NA,0,2,1,NA
"444",444,"HECO","HECO","Control",8,3,"14-Oct-17","18-Jul-18",0.0341,0.0506581815391354,NA,0,1,1,6.2
"445",445,"HECO","PSSP","Feedback",8,3,"15-Oct-17","18-Jul-18",0.0646,0.0450818545790135,0.0466147916502127,0,1,1,18.4
"446",446,"HECO","PSSP","Exclusion",8,3,"15-Oct-17","18-Jul-18",0.1829,0.0424115008234622,0.31841797752809,0,1,1,24.8
"447",447,"HECO","PSSP","Control",8,3,"15-Oct-17","18-Jul-18",0.0272,0.00565486677646163,0.019194325973617,0,1,1,12.9
"448",448,"HECO","POSE","Feedback",8,3,"13-Oct-17","18-Jul-18",0.0687,0.34164820107789,0.295497005988024,0,2,0,8.3
"449",449,"HECO","POSE","Exclusion",8,3,"13-Oct-17","18-Jul-18",0.2268,0.725707902979242,0.204560416666667,0,0,1,4.3
"450",450,"HECO","POSE","Control",8,3,"13-Oct-17","18-Jul-18",0.0382,0.0848230016469244,0.0257398711505524,0,1,1,4.7
"451",451,"PSSP","ARTR","Feedback",8,3,"14-Oct-17","18-Jul-18",0.0903,2.73130065303097,0.0180074074074074,0,5,1,6.2
"452",452,"PSSP","ARTR","Exclusion",8,3,"14-Oct-17","18-Jul-18",0.1217,6.4324109582251,0.0240098765432099,0,3,1,5.7
"453",453,"PSSP","ARTR","Control",8,3,"14-Oct-17","18-Jul-18",0.0017,0.967610537305656,NA,0,3,1,2.5
"454",454,"PSSP","HECO","Feedback",8,3,"14-Oct-17","18-Jul-18",0.0991,0.0794822941358218,0.0467725966183575,0,0,1,18.5
"455",455,"PSSP","HECO","Exclusion",8,3,"14-Oct-17","9-Jul-18",0.0053,0.0175929188601028,NA,0,0,1,2.1
"456",456,"PSSP","HECO","Control",8,3,"14-Oct-17","18-Jul-18",0.0215,0.0527787565803085,0.00668179951690821,0,0,1,7.8
"457",457,"ARTR","ARTR","Feedback",8,3,"14-Oct-17","18-Jul-18",0.0354,3.67692004176149,NA,0,3,1,4.5
"458",458,"ARTR","ARTR","Exclusion",8,3,"10-Nov-17","",NA,NA,NA,0,2,1,NA
"459",459,"ARTR","ARTR","Control",8,3,"14-Oct-17","18-Jul-18",0.0136,3.51803399330619,NA,0,3,1,3.2
"460",460,"ARTR","HECO","Feedback",8,3,"14-Oct-17","18-Jul-18",0.0373,0.0427256600888212,0.00668179951690821,0,4,1,14.7
"461",461,"ARTR","HECO","Exclusion",8,3,"14-Oct-17","18-Jul-18",0.0166,0.00345575191894877,NA,0,2,0,3.8
"462",462,"ARTR","HECO","Control",8,3,"14-Oct-17","18-Jul-18",0.0148,0.0289026524130261,NA,0,0,1,8.7
"463",463,"ARTR","PSSP","Feedback",8,3,"15-Oct-17","18-Jul-18",0.1304,0.0132732289614169,0.17778064516129,0,1,1,36.5
"464",464,"ARTR","PSSP","Exclusion",8,3,"15-Oct-17","18-Jul-18",0.108,0.120951317163207,0.204626086956522,0,2,1,32.7
"465",465,"ARTR","PSSP","Control",8,3,"15-Oct-17","18-Jul-18",0.0553,0.00494800842940392,0.0164522794059574,0,1,1,23.2
"466",466,"ARTR","POSE","Feedback",8,3,"13-Oct-17","18-Jul-18",0.1307,0.431183591705199,0.157566666666667,0,2,1,12.3
"467",467,"ARTR","POSE","Exclusion",8,3,"13-Oct-17","18-Jul-18",0.151,0.20632409752451,0.102463636363636,0,3,1,14.8
"468",468,"ARTR","POSE","Control",8,3,"13-Oct-17","18-Jul-18",0.0651,0.0697433569096934,0.0367712445007892,0,4,1,9.4
"469",469,"POSE","ARTR","Feedback",8,3,"14-Oct-17","18-Jul-18",0.0415,0.824668071567321,NA,0,1,1,12.1
"470",470,"POSE","ARTR","Exclusion",8,3,"14-Oct-17","18-Jul-18",0.1276,4.23997198510112,0.0420172839506173,0,6,1,4.4
"471",471,"POSE","ARTR","Control",8,3,"14-Oct-17","18-Jul-18",0.0051,0.499905931002476,NA,0,1,1,1.7
"472",472,"POSE","HECO","Feedback",8,3,"14-Oct-17","18-Jul-18",0.631,0.103672557568463,0.063477095410628,0,1,1,17.5
"473",473,"POSE","HECO","Exclusion",8,3,"14-Oct-17","18-Jul-18",0.1961,0.0549778714378214,0.093545193236715,0,2,1,21.3
"474",474,"POSE","HECO","Control",8,3,"14-Oct-17","18-Jul-18",0.0156,0.029845130209103,0.0730909090909091,0,0,1,6.8
"475",475,"PSSP","PSSP","Feedback",8,3,"15-Oct-17","18-Jul-18",0.1059,0.0527787565803085,0.179305263157895,0,2,1,28.6
"476",476,"PSSP","PSSP","Exclusion",8,3,"15-Oct-17","18-Jul-18",0.2163,0.0353429173528852,0.275646153846154,0,3,1,33.2
"477",477,"PSSP","PSSP","Control",8,3,"15-Oct-17","18-Jul-18",0.0116,0.00353429173528852,0.00822613970297871,0,1,1,11.9
"478",478,"PSSP","POSE","Feedback",8,3,"30-Oct-17","18-Jul-18",0.112,0.725707902979242,0.158390909090909,0,3,0,11.2
"479",479,"PSSP","POSE","Exclusion",8,3,"14-Oct-17","18-Jul-18",0.2808,0.906113861111636,0.215097727272727,0,4,1,7.1
"480",480,"PSSP","POSE","Control",8,3,"26-Oct-17","18-Jul-18",0.0737,0.260516570798934,0.0349326822757497,0,3,0,3.6
"481",481,"POSE","POSE","Feedback",9,3,"13-Oct-17","17-Jul-18",0.0821,0.226980069221863,0.127407407407407,0,1,1,7.3
"482",482,"POSE","POSE","Exclusion",9,3,"15-Oct-17","17-Jul-18",0.2319,0.595410347671605,0.192072727272727,0,1,1,6.8
"483",483,"POSE","POSE","Control",9,3,"15-Oct-17","18-Jul-18",0.0188,0.0311017672705389,0.0864124245768545,0,3,1,5.1
"484",484,"HECO","POSE","Feedback",9,3,"15-Oct-17","17-Jul-18",0.1121,0.17247343668208,0.138528,0,2,1,17.5
"485",485,"HECO","POSE","Exclusion",9,3,"13-Oct-17","17-Jul-18",0.2551,0.491345091021444,0.223872,0,2,1,8.7
"486",486,"HECO","POSE","Control",9,3,"13-Oct-17","18-Jul-18",0.0343,0.104457955731861,0.0349326822757497,0,1,1,8.4
"487",487,"PSSP","PSSP","Feedback",9,3,"15-Oct-17","17-Jul-18",0.1033,0.0380132711084365,0.157988888888889,0,2,1,34.9
"488",488,"PSSP","PSSP","Exclusion",9,3,"15-Oct-17","17-Jul-18",0.2421,0.0900851693416873,0.214111111111111,0,0,1,24
"489",489,"PSSP","PSSP","Control",9,3,"15-Oct-17","18-Jul-18",0.0206,0.0214413698607503,0.038388651947234,0,3,1,14.7
"490",490,"PSSP","POSE","Feedback",9,3,"13-Oct-17","17-Jul-18",0.0474,0.124407069082156,0.151163333333333,0,5,1,5.1
"491",491,"PSSP","POSE","Exclusion",9,3,"13-Oct-17","17-Jul-18",0.3086,0.585278711363779,0.298848275862069,0,2,0,10.1
"492",492,"PSSP","POSE","Control",9,3,"13-Oct-17","18-Jul-18",0.0353,0.0314159265358979,0.00735424890015783,0,2,0,5.2
"493",493,"PSSP","ARTR","Feedback",9,3,"14-Oct-17","18-Jul-18",0.0283,0.774088429844525,NA,0,2,1,3.2
"494",494,"PSSP","ARTR","Exclusion",9,3,"14-Oct-17","",NA,NA,NA,0,2,1,NA
"495",495,"PSSP","ARTR","Control",9,3,"14-Oct-17","18-Jul-18",0.0059,0.162577419823272,NA,0,2,1,1.6
"496",496,"PSSP","HECO","Feedback",9,3,"14-Oct-17","18-Jul-18",0.078,0.064324109582251,0.093545193236715,0,1,1,20
"497",497,"PSSP","HECO","Exclusion",9,3,"14-Oct-17","18-Jul-18",0.1804,0.11686724671354,0.0567952958937198,0,0,1,19
"498",498,"PSSP","HECO","Control",9,3,"14-Oct-17","18-Jul-18",0.0198,0.0169646003293849,NA,0,0,1,9.8
"499",499,"POSE","HECO","Feedback",9,3,"14-Oct-17","18-Jul-18",0.0925,0.0208915911463721,0.153681388888889,0,1,1,15.4
"500",500,"POSE","HECO","Exclusion",9,3,"14-Oct-17","18-Jul-18",0.2032,0.210800867055875,0.093545193236715,0,1,0,17.5
"501",501,"POSE","HECO","Control",9,3,"14-Oct-17","18-Jul-18",0.0224,0.0490088453960008,0.0400907971014493,0,2,1,11.9
"502",502,"POSE","PSSP","Feedback",9,3,"15-Oct-17","18-Jul-18",0.1235,0.0556061899685393,0.170028571428571,0,0,1,26.5
"503",503,"POSE","PSSP","Exclusion",9,3,"15-Oct-17","18-Jul-18",0.3086,0.079717913584841,0.19831724137931,0,0,1,8.8
"504",504,"POSE","PSSP","Control",9,3,"15-Oct-17","18-Jul-18",0.0569,0.030159289474462,0.0219363725412766,0,0,1,19.9
"505",505,"BARE","PSSP","Feedback",9,3,"15-Oct-17","18-Jul-18",0.1214,0.015707963267949,0.18920121316851,0,2,1,27.4
"506",506,"BARE","PSSP","Exclusion",9,3,"15-Oct-17","18-Jul-18",0.3439,0.0777544181763474,0.281603174603175,0,1,1,27.9
"507",507,"BARE","PSSP","Control",9,3,"15-Oct-17","18-Jul-18",0.0356,0.0141371669411541,0.00274204656765957,0,0,1,18.3
"508",508,"BARE","POSE","Feedback",9,3,"13-Oct-17","18-Jul-18",0.1468,0.296880505764235,0.25148275862069,0,2,0,4.6
"509",509,"BARE","POSE","Exclusion",9,3,"13-Oct-17","18-Jul-18",0.2243,0.36308957093864,0.213932584269663,0,1,0,5.9
"510",510,"BARE","POSE","Control",9,3,"13-Oct-17","18-Jul-18",0.0413,0.272611702515254,0.0147084978003157,0,0,1,3.6
"511",511,"HECO","PSSP","Feedback",9,3,"15-Oct-17","18-Jul-18",0.1477,0.0541924732744239,0.137164,0,1,1,27.8
"512",512,"HECO","PSSP","Exclusion",9,3,"15-Oct-17","18-Jul-18",0.4037,0.236326307366292,0.233974285714286,0,4,1,23.3
"513",513,"HECO","PSSP","Control",9,3,"15-Oct-17","18-Jul-18",0.0642,0.00392699081698724,0.00548409313531914,0,2,1,20.2
"514",514,"POSE","ARTR","Feedback",9,3,"14-Oct-17","18-Jul-18",0.0853,7.10188435270509,0.0180074074074074,0,1,1,4.6
"515",515,"POSE","ARTR","Exclusion",9,3,"14-Oct-17","18-Jul-18",0.2618,15.3237464864149,0.1679,0,2,1,6.8
"516",516,"POSE","ARTR","Control",9,3,"14-Oct-17","18-Jul-18",0.0152,0.429769875011084,0.0180074074074074,0,1,1,2.1
"517",517,"HECO","HECO","Feedback",9,3,"14-Oct-17","18-Jul-18",0.0435,0.226194671058465,0.0467725966183575,0,0,1,9
"518",518,"HECO","HECO","Exclusion",9,3,"14-Oct-17","18-Jul-18",0.1434,0.0353429173528852,0.117,0,0,0,18.4
"519",519,"HECO","HECO","Control",9,3,"14-Oct-17","18-Jul-18",0.0446,0.080346232115559,NA,0,0,1,15.4
"520",520,"HECO","ARTR","Feedback",9,3,"14-Oct-17","18-Jul-18",0.0633,1.50466580143683,0.0180074074074074,0,7,1,4.9
"521",521,"HECO","ARTR","Exclusion",9,3,"14-Oct-17","18-Jul-18",0.1398,8.96626251297795,0.0360148148148148,0,1,1,7
"522",522,"HECO","ARTR","Control",9,3,"14-Oct-17","18-Jul-18",0.0147,0.905092843499219,0.00600246913580247,0,4,1,2.4
"523",523,"BARE","ARTR","Feedback",9,3,"14-Oct-17","18-Jul-18",0.0074,0.490716772490726,NA,0,1,1,1.9
"524",524,"BARE","ARTR","Exclusion",9,3,"14-Oct-17","18-Jul-18",0.1131,4.22662021632337,0.0180074074074074,0,0,1,4.3
"525",525,"BARE","ARTR","Control",9,3,"14-Oct-17","18-Jul-18",0.0041,0.18472564803108,NA,0,0,1,1.3
"526",526,"BARE","HECO","Feedback",9,3,"14-Oct-17","18-Jul-18",0.0786,0.083723444218168,0.0334089975845411,0,0,1,15.2
"527",527,"BARE","HECO","Exclusion",9,3,"14-Oct-17","18-Jul-18",0.008,0.00353429173528852,NA,0,0,0,1.4
"528",528,"BARE","HECO","Control",9,3,"14-Oct-17","18-Jul-18",0.0301,0.0113097335529233,NA,0,1,1,10.1
"529",529,"ARTR","ARTR","Feedback",9,3,"14-Oct-17","18-Jul-18",0.011,0.0214413698607503,0.0180074074074074,0,1,1,3.7
"530",530,"ARTR","ARTR","Exclusion",9,3,"14-Oct-17","",NA,NA,NA,0,0,1,NA
"531",531,"ARTR","ARTR","Control",9,3,"14-Oct-17","18-Jul-18",0.0066,0.424272087867302,NA,0,0,1,2.2
"532",532,"ARTR","HECO","Feedback",9,3,"14-Oct-17","18-Jul-18",0.0591,0.0424115008234622,0.0601361956521739,0,0,1,14.6
"533",533,"ARTR","HECO","Exclusion",9,3,"14-Oct-17","",NA,NA,NA,0,1,1,NA
"534",534,"ARTR","HECO","Control",9,3,"14-Oct-17","18-Jul-18",0.0241,0.0162577419823272,0.0200453985507246,0,1,1,10.5
"535",535,"ARTR","PSSP","Feedback",9,3,"15-Oct-17","18-Jul-18",0.1057,0.0149225651045515,0.1105,0,1,1,26.9
"536",536,"ARTR","PSSP","Exclusion",9,3,"15-Oct-17","18-Jul-18",0.16,0.135716802635079,0.170006887194893,0,3,1,31.6
"537",537,"ARTR","PSSP","Control",9,3,"15-Oct-17","18-Jul-18",0.0522,0.00777544181763474,0.0137102328382978,0,1,1,25.8
"538",538,"ARTR","POSE","Feedback",9,3,"13-Oct-17","18-Jul-18",0.0964,0.200276531666349,0.157009090909091,0,4,0,6.2
"539",539,"ARTR","POSE","Exclusion",9,3,"13-Oct-17","18-Jul-18",0.1878,0.336778732464826,0.153273563218391,1,3,0,10.6
"540",540,"ARTR","POSE","Control",9,3,"13-Oct-17","18-Jul-18",0.1448,0.168860605130451,0.0330941200507103,1,4,1,7.5
"541",541,"PSSP","PSSP","Feedback",10,3,"15-Oct-17","18-Jul-18",0.0887,0.0483805268652828,0.0411306985148935,0,3,1,26
"542",542,"PSSP","PSSP","Exclusion",10,3,"15-Oct-17","18-Jul-18",0.1885,0.0259181393921158,0.147714285714286,0,0,1,18.3
"543",543,"PSSP","PSSP","Control",10,3,"15-Oct-17","",NA,NA,NA,0,3,1,NA
"544",544,"PSSP","POSE","Feedback",10,3,"14-Oct-17","18-Jul-18",0.1156,0.524253274067797,0.13248,1,4,1,5.1
"545",545,"PSSP","POSE","Exclusion",10,3,"14-Oct-17","18-Jul-18",0.2145,0.737017636532165,0.152,0,1,1,7.63
"546",546,"PSSP","POSE","Control",10,3,"14-Oct-17","18-Jul-18",0.0724,0.603499948754599,0.106636609052289,0,3,1,6.3
"547",547,"POSE","POSE","Feedback",10,3,"14-Oct-17","18-Jul-18",0.1442,0.526845088007008,0.238146835443038,1,5,1,6.6
"548",548,"POSE","POSE","Exclusion",10,3,"14-Oct-17","18-Jul-18",0.2687,1.16812268842102,0.240752,0,6,1,13.2
"549",549,"POSE","POSE","Control",10,3,"14-Oct-17","18-Jul-18",0.1045,0.220304184832984,0.0386098067258286,1,0,1,6.5
"550",550,"BARE","ARTR","Feedback",10,3,"14-Oct-17","18-Jul-18",0.019,1.74829631172272,NA,0,1,1,2.9
"551",551,"BARE","ARTR","Exclusion",10,3,"14-Oct-17","18-Jul-18",0.0785,5.34196414816408,0.0240098765432099,0,1,1,4.4
"552",552,"BARE","ARTR","Control",10,3,"14-Oct-17","",NA,NA,NA,0,1,1,NA
"553",553,"BARE","HECO","Feedback",10,3,"14-Oct-17","",NA,NA,NA,0,0,1,NA
"554",554,"BARE","HECO","Exclusion",10,3,"14-Oct-17","9-Jul-18",0.006,0.107442468752771,NA,0,0,0,2.8
"555",555,"BARE","HECO","Control",10,3,"14-Oct-17","9-Jul-18",0.0033,0.0125663706143592,NA,0,0,0,1.6
"556",556,"BARE","PSSP","Feedback",10,3,"15-Oct-17","18-Jul-18",0.1345,0.208287592933003,0.0850034435974467,0,0,1,20.6
"557",557,"BARE","PSSP","Exclusion",10,3,"15-Oct-17","",NA,NA,NA,0,0,1,NA
"558",558,"BARE","PSSP","Control",10,3,"15-Oct-17","18-Jul-18",0.0818,0.0915774258521425,0.0219363725412766,0,1,1,15.1
"559",559,"BARE","POSE","Feedback",10,3,"14-Oct-17","18-Jul-18",0.0767,0.428827397215007,0.156285897435897,0,1,1,5.2
"560",560,"BARE","POSE","Exclusion",10,3,"14-Oct-17","18-Jul-18",0.4026,1.33753307226585,0.218764754098361,0,0,1,5.8
"561",561,"BARE","POSE","Control",10,3,"14-Oct-17","18-Jul-18",0.1076,0.39089266592291,0.023901308925513,0,0,1,3.4
"562",562,"ARTR","ARTR","Feedback",10,3,"14-Oct-17","18-Jul-18",0.0016,0.0740630468083794,NA,0,2,1,1.6
"563",563,"ARTR","ARTR","Exclusion",10,3,"14-Oct-17","18-Jul-18",0.0862,2.34441351774138,0.0720296296296296,0,4,1,4.9
"564",564,"ARTR","ARTR","Control",10,3,"14-Oct-17","18-Jul-18",NA,NA,NA,0,0,1,NA
"565",565,"ARTR","HECO","Feedback",10,3,"14-Oct-17","18-Jul-18",0.1534,0.109327424344925,0.158566666666667,0,0,1,20.8
"566",566,"ARTR","HECO","Exclusion",10,3,"14-Oct-17","18-Jul-18",0.1941,0.147262155637022,0.175666666666667,0,1,1,18.4
"567",567,"ARTR","HECO","Control",10,3,"14-Oct-17","18-Jul-18",0.0445,0.0453960138443725,0.0167044987922705,0,0,1,12.5
"568",568,"ARTR","PSSP","Feedback",10,3,"15-Oct-17","18-Jul-18",0.2102,0.0353429173528852,0.209340909090909,0,4,1,33.6
"569",569,"ARTR","PSSP","Exclusion",10,3,"15-Oct-17","18-Jul-18",0.407,0.278973427638774,0.289511764705882,0,0,1,31.2
"570",570,"ARTR","PSSP","Control",10,3,"15-Oct-17","18-Jul-18",0.0822,0.0155508836352695,0.0246784191089361,0,2,1,26.8
"571",571,"ARTR","POSE","Feedback",10,3,"14-Oct-17","18-Jul-18",0.1709,0.352957934630813,0.239285714285714,1,3,1,9.7
"572",572,"ARTR","POSE","Exclusion",10,3,"26-Oct-17","18-Jul-18",0.3187,0.44924774946334,0.405940594059406,1,5,0,7.3
"573",573,"ARTR","POSE","Control",10,3,"14-Oct-17","18-Jul-18",0.0959,0.237661484244068,0.0220627467004735,0,1,1,8.3
"574",574,"POSE","HECO","Feedback",10,3,"14-Oct-17","9-Jul-18",0.0043,0.00565486677646163,NA,0,0,0,4.5
"575",575,"POSE","HECO","Exclusion",10,3,"14-Oct-17","18-Jul-18",0.1765,0.185039807296439,0.11925,0,0,1,23.8
"576",576,"POSE","HECO","Control",10,3,"14-Oct-17","9-Jul-18",0.0049,0.0102101761241668,NA,0,0,0,5.2
"577",577,"PSSP","ARTR","Feedback",10,3,"14-Oct-17","",NA,NA,NA,0,0,1,NA
"578",578,"PSSP","ARTR","Exclusion",10,3,"14-Oct-17","18-Jul-18",0.1548,0.0128805298797182,0.0660271604938271,0,3,1,8.4
"579",579,"PSSP","ARTR","Control",10,3,"14-Oct-17","18-Jul-18",0.0098,0.627533132554561,NA,0,2,1,1.5
"580",580,"PSSP","HECO","Feedback",10,3,"14-Oct-17","18-Jul-18",0.1077,0.147026536188002,0.131733333333333,0,1,1,19.6
"581",581,"PSSP","HECO","Exclusion",10,3,"14-Oct-17","18-Jul-18",0.0815,0.142942465738336,0.092,0,0,1,28.8
"582",582,"PSSP","HECO","Control",10,3,"14-Oct-17","18-Jul-18",0.017,0.0164148216150067,0.0167044987922705,0,0,1,13.4
"583",583,"POSE","ARTR","Feedback",10,3,"14-Oct-17","",NA,NA,NA,0,0,1,NA
"584",584,"POSE","ARTR","Exclusion",10,3,"14-Oct-17","",NA,NA,NA,0,0,1,NA
"585",585,"POSE","ARTR","Control",10,3,"14-Oct-17","",NA,NA,NA,0,0,1,NA
"586",586,"HECO","ARTR","Feedback",10,3,"14-Oct-17","18-Jul-18",0.0903,3.34815237056332,0.0420172839506173,0,1,1,6.3
"587",587,"HECO","ARTR","Exclusion",10,3,"14-Oct-17","18-Jul-18",0.158,11.8186715628048,0.0840345679012346,0,3,1,7.4
"588",588,"HECO","ARTR","Control",10,3,"14-Oct-17","18-Jul-18",0.0166,0.891583995088783,0.0120049382716049,0,3,1,2.3
"589",589,"HECO","HECO","Feedback",10,3,"14-Oct-17","18-Jul-18",0.0936,0.0245044226980004,0.063477095410628,0,1,1,16.4
"590",590,"HECO","HECO","Exclusion",10,3,"14-Oct-17","18-Jul-18",0.3461,0.459615005220187,0.326909090909091,0,2,1,21.8
"591",591,"HECO","HECO","Control",10,3,"14-Oct-17","18-Jul-18",0.0428,0.0494800842940392,0.00668179951690821,0,0,1,11.5
"592",592,"HECO","PSSP","Feedback",10,3,"15-Oct-17","18-Jul-18",0.1605,0.0844303025652257,0.277080769230769,0,0,1,21.7
"593",593,"HECO","PSSP","Exclusion",10,3,"15-Oct-17","18-Jul-18",0.2381,0.288398205599543,0.332444444444444,0,1,1,31
"594",594,"HECO","PSSP","Control",10,3,"15-Oct-17","18-Jul-18",0.06,0.375734481369339,0.019194325973617,0,1,1,19.2
"595",595,"HECO","POSE","Feedback",10,3,"14-Oct-17","18-Jul-18",0.1069,0.23687608608067,0.195415151515152,0,2,1,6.2
"596",596,"HECO","POSE","Exclusion",10,3,"14-Oct-17","18-Jul-18",0.2495,0.483962348285508,0.312647222222222,0,0,1,6.4
"597",597,"HECO","POSE","Control",10,3,"14-Oct-17","18-Jul-18",0.1437,0.285413692578633,0.023901308925513,0,0,1,4.6
"598",598,"POSE","PSSP","Feedback",10,3,"15-Oct-17","18-Jul-18",0.0662,0.00879645943005142,0.0603250244885105,0,0,1,22
"599",599,"POSE","PSSP","Exclusion",10,3,"15-Oct-17","18-Jul-18",0.2321,0.164226755966406,0.22746976744186,0,1,1,24.3
"600",600,"POSE","PSSP","Control",10,3,"15-Oct-17","18-Jul-18",0.0169,0.00534070751110265,0.00822613970297871,0,1,1,8
